username,last_connexion,nb_connexions,guest,created_at
ZimoonHD,2022-04-28 19:13:55,2,false,2022-04-29 11:21:49.857992+00
Scotex,2022-04-29 22:12:07,1,false,2022-04-30 13:43:30.094905+00
YaRus,2022-04-30 07:53:57,1,false,2022-04-30 13:43:30.094905+00
cuydohetru,2022-04-29 20:50:36,20,false,2022-04-29 10:52:25.957353+00
corby,2022-05-05 20:19:22,28,false,2022-04-29 10:52:25.957353+00
ABOBA17CM,2022-04-21 15:57:04,1,false,2022-04-29 10:52:26.333646+00
ABOBA16cm,2022-04-21 15:59:32,1,false,2022-04-29 10:52:26.333646+00
egge,2022-04-21 16:19:08,1,false,2022-04-29 10:52:26.333646+00
Kwinki296,2022-04-22 17:56:23,2,false,2022-04-29 10:52:25.957353+00
Neilex,2022-04-22 17:48:31,2,false,2022-04-29 10:52:25.957353+00
Luca511,2022-04-26 10:10:32,4,false,2022-04-29 10:52:25.957353+00
JonRoX,2022-04-26 13:57:23,2,false,2022-04-29 10:52:25.957353+00
Quba1979,2022-04-24 16:29:37,1,false,2022-04-29 10:52:25.957353+00
Gondorx,2022-04-25 15:18:40,1,false,2022-04-29 10:52:25.957353+00
kasperbotst,2022-04-25 16:19:30,1,false,2022-04-29 10:52:25.957353+00
xAITORx,2022-04-26 14:04:45,1,false,2022-04-29 10:52:25.957353+00
Baziog,2022-04-26 14:25:02,1,false,2022-04-29 10:52:25.957353+00
EzGg,2022-04-26 21:24:38,1,false,2022-04-29 10:52:25.957353+00
ShaXss,2022-04-26 21:26:10,1,false,2022-04-29 10:52:25.957353+00
Tomatobos,2022-04-20 18:16:30,1,false,2022-04-29 10:52:26.333646+00
Adri07b,2022-04-21 14:20:36,1,false,2022-04-29 10:52:26.333646+00
lucastin,2022-04-21 14:33:49,1,false,2022-04-29 10:52:26.333646+00
ris-med-nudlar,2022-04-21 16:19:23,1,false,2022-04-29 10:52:26.333646+00
GodehardtMoFegga,2022-04-21 17:55:18,1,false,2022-04-29 10:52:26.333646+00
infuser,2022-04-24 13:01:04,20,false,2022-04-29 10:52:25.957353+00